,prophet,ridge,randomforest,web3prophet,web3ridge,web3randomforest,New API Data,Used web2 Data,Used threshold for correlation value,Used temporals,Fine tuned on web3 data,Domain,Ensamble Value
0,"{'r2': -0.0004268754541827402, 'mae': np.float64(4404.135583769223), 'rmse': np.float64(159721.7257561814)}","{'r2': -2.3304543476543316e-05, 'mae': np.float64(43620.75806523563), 'mse': np.float64(6712088393071.915)}","{'r2': 0.005389120453218821, 'mae': np.float64(43838.15502736041), 'mse': np.float64(6675760564676.68)}","{'r2': -3.743521392673976e-05, 'mae': np.float64(5511.11453234523), 'rmse': np.float64(159690.63562742106)}","{'r2': -3.693293826723121e-05, 'mae': np.float64(44007.81542729409), 'mse': np.float64(6713797032151.384)}","{'r2': 0.006439198407515612, 'mae': np.float64(44723.06781096776), 'mse': np.float64(6670319206506.095)}",False,False,,False,True,brandynham.eth,511.10750909139375
